{"cameraMode":{"drawMode":0,"name":"Shaded","section":"Shading Mode"},"sceneLighting":true,"audioPlay":false,"sceneViewState":{"showFog":true,"showMaterialUpdate":false,"showSkybox":true,"showFlares":true,"showImageEffects":true,"showParticleSystems":true,"showVisualEffectGraphs":true,"m_FxEnabled":true},"in2DMode":false,"pivot":{"x":1.6946886777877808,"y":0.37571898102760317,"z":0.7016733884811401},"rotation":{"x":-0.06596958637237549,"y":-0.8670664429664612,"z":0.11936944723129273,"w":-0.4792059063911438},"size":2.968458414077759,"orthographic":false}